,docking_template_pdb_id,docking_template_chain_id,docking_template_expo_id,docking_template_similarity
3cy3_JN5,4deb,A,NHJ,1.1704498529434204
4ztn_4S3,5hx8,A,66P,1.2092503309249878
4a7c_E46,3bgq,A,VX2,1.449917197227478
5t1s_76Q,7aj8,A,RJ8,1.1044933795928955
4ztl_4S1,4xs2,C,42P,1.433706283569336
7c2v_FJ0,6n8g,A,KFD,1.2067592144012451
4ztm_4S2,4xs2,C,42P,1.34913170337677
4xs2_42P,4ztl,C,4S1,1.363539457321167
5n50_8MN,5r9d,A,N9J,1.5469751358032227
6tfp_N6Z,6bln,A,DY4,0.8676967620849609
3cy2_MB9,3cxw,A,7CP,1.9229731559753418
5n4n_8M8,5r9r,A,K3D,1.3906688690185547
3qf9_NM8,2uzl,A,C94,0.8499998450279236
5bq0_4US,3f66,A,IHX,1.0165019035339355
3e63_5B2,5ra8,A,2O6,1.5494478940963745
3cxw_7CP,3cy2,A,MB9,1.8608695268630981
6pcw_O97,6pdo,A,OD1,1.642694115638733
5n4u_8MZ,3nun,A,JMZ,1.4056645631790161
2qcs_ANP,4h3p,A,ANP,1.5377531051635742
3sls_ANP,2src,A,ANP,1.4750754833221436
3rvg_17P,3pa4,A,C72,1.3517597913742065
3fjq_ATP,4h3p,A,ANP,1.5123066902160645
3idb_ANP,4h3p,A,ANP,1.5377531051635742
6o8u_LS7,6o95,A,LSV,1.6623272895812988
1mq4_ADP,2xuu,A,ADP,1.6027023792266846
5usy_SKE,4qmu,A,SKE,1.8808801174163818
6n8g_KFD,7c2v,C,FJ0,1.2010811567306519
6vql_R7S,6lxy,B,EXF,1.546787142753601
6mom_JX4,5c01,A,UNL,1.370408296585083
6vnh_XZS,6vni,A,R61,1.4418085813522339
6o9d_LTY,6o8u,D,LS7,1.580682396888733
4zim_4OK,5ebz,A,5TL,1.2365944385528564
3idc_ANP,4h3p,A,ANP,1.5377531051635742
2x6d_X6D,2x6e,A,YM4,1.1489218473434448
4deb_NHJ,5vt1,A,9JS,1.4553124904632568
4hpt_ANP,4h3p,A,ANP,1.5377531051635742
5tq5_7GX,5tq4,A,7GY,1.4460257291793823
6mm6_ANP,4h3p,A,ANP,1.5377531051635742
5tq3_7GZ,3f5x,A,EZV,1.4648574590682983
6e4f_HRA,3vry,A,B43,1.1600004434585571
7kxn_X9P,7kxp,A,X9V,1.6699893474578857
2c3i_IYZ,6yta,A,IYZ,1.6491611003875732
5dia_5E6,4wrs,A,3U1,1.3655160665512085
5ndt_8UB,7a53,A,QYZ,1.4543348550796509
4k1b_1OC,6n7c,A,KF1,1.121482491493225
4n6z_2HW,5myv,A,W4A,1.2666577100753784
5v80_971,4rpv,A,3UR,1.3954083919525146
4lmu_QUE,3lm5,A,QUE,1.8561863899230957
4jbp_YPH,4jbo,A,WPH,1.440659523010254
5dhj_5E5,3e63,A,5B2,1.5253360271453857
5dgz_L20,2jdr,A,L20,1.640472650527954
5cf6_50O,5cf4,A,50Y,1.4156403541564941
5uis_8C1,5uit,A,8CD,1.3096553087234497
4yti_VJK,6wpp,A,PZ4,1.3161735534667969
2bil_BI1,1uu8,A,BI1,1.7508249282836914
5uir_8BY,5uis,B,8C1,1.1757419109344482
4enx_Z20,4aze,A,3RA,1.2800339460372925
4f08_1RS,4f09,A,JAK,1.7392761707305908
5yt3_ANP,2src,A,ANP,1.4750754833221436
5os5_ADP,2xuu,A,ADP,1.6027023792266846
5cf8_50V,5cf5,A,50W,1.659443736076355
4pmp_31W,4r7h,A,P31,0.973551869392395
4dg3_ANP,4h3p,A,ANP,1.5377531051635742
6z4y_Q7Q,3fdn,A,MMH,0.9241868257522583
5bpy_4UQ,4ot6,A,2V1,1.1669085025787354
5cf5_50W,5cf8,A,50V,1.6973702907562256
5p9m_7GB,5yu9,A,1E8,1.4983081817626953
6aua_BXJ,6di3,A,GJA,0.938474178314209
5os0_ADP,2xuu,A,ADP,1.6027023792266846
5fbn_5WF,6x3o,A,ULY,1.4913034439086914
6s90_L0Z,6ep9,A,BNB,1.0207197666168213
7kxl_X9J,7kxn,A,X9P,1.530377745628357
6mm8_ANP,4h3p,A,ANP,1.5377531051635742
6mm7_ANP,4h3p,A,ANP,1.5377531051635742
3qam_ATP,4h3p,A,ANP,1.5123066902160645
6r4a_ADP,2xuu,A,ADP,1.6027023792266846
3fhi_ANP,4h3p,A,ANP,1.5377531051635742
6r4c_ADP,2xuu,A,ADP,1.6027023792266846
1rek_B8L,3krw,A,BA1,0.8545194864273071
5uiq_8BV,3nuu,A,JOZ,1.3328031301498413
3e64_5B3,3e63,A,5B2,1.3471171855926514
5os1_ADP,2xuu,A,ADP,1.6027023792266846
5tq7_7GT,5tq6,A,7GV,1.1492369174957275
6lxy_EXF,6vql,C,R7S,1.1273936033248901
1jbp_ADP,2xuu,A,ADP,1.6027023792266846
4gmy_0X5,4gih,A,0X5,1.8283679485321045
3r21_D36,3eoc,A,T2A,1.2372629642486572
5jr7_ADP,2xuu,A,ADP,1.6027023792266846
5ew9_5VC,5nhf,A,8X5,1.037127137184143
1ol7_ADP,2xuu,A,ADP,1.6027023792266846
3krr_DQX,5ut4,A,DQX,1.7180182933807373
5os2_ADP,2xuu,A,ADP,1.6027023792266846
7b34_SQK,5dey,A,59T,1.6637694835662842
5h3q_7HF,4kao,B,KAO,1.0956823825836182
5n4z_8MK,6hor,A,GJK,1.683248519897461
6di5_GJ7,6di3,A,GJA,1.2514004707336426
3qal_ATP,4h3p,A,ANP,1.5123066902160645
5p9g_7G6,4otr,A,2V3,1.1127221584320068
5kmi_6UE,3hv7,A,1AU,1.1446210145950317
5orz_ADP,2xuu,A,ADP,1.6027023792266846
4pmm_31V,4twn,A,B96,1.0841693878173828
1l3r_ADP,2xuu,A,ADP,1.6027023792266846
5kmj_6UF,5kml,A,6UH,1.1917024850845337
1re8_BD2,3krx,A,BA1,1.078165888786316
1rej_B1L,5b0x,A,HCK,1.1255583763122559
5c9c_4Z5,6mob,A,JWY,1.4404802322387695
5w84_9YY,6yvs,A,PVT,1.4764028787612915
6w07_S9A,6w06,A,S5M,1.2075645923614502
5n4v_8MW,2xj0,A,XJ0,1.4365849494934082
3e62_5B1,3nus,A,JNZ,1.8066234588623047
5n5l_8NZ,5n4r,A,8MQ,1.5211129188537598
5lxm_ADP,2xuu,A,ADP,1.6027023792266846
5n4x_8MT,6tlp,A,7M0,1.4158997535705566
4yhf_4C9,5yu9,A,1E8,1.5592572689056396
5p9i_1E8,5yu9,A,1E8,1.8115851879119873
6xe4_V1G,5kup,A,6XL,1.647255778312683
5l8l_ADP,5l8j,A,ADP,1.482685923576355
5orl_ADP,2xuu,A,ADP,1.6027023792266846
5g1x_ADP,2xuu,A,ADP,1.6027023792266846
5os3_ADP,2xuu,A,ADP,1.6027023792266846
6d1z_FQM,6d1y,A,FQJ,1.0230355262756348
5os4_ADP,2xuu,A,ADP,1.6027023792266846
5orv_ADP,2xuu,A,ADP,1.6027023792266846
5orx_ADP,2xuu,A,ADP,1.6027023792266846
5osf_ADP,2xuu,A,ADP,1.6027023792266846
5ose_ADP,2xuu,A,ADP,1.6027023792266846
5ors_ADP,2xuu,A,ADP,1.6027023792266846
5osd_ADP,2xuu,A,ADP,1.6027023792266846
5orw_ADP,2xuu,A,ADP,1.6027023792266846
3lpb_NVB,4i0r,A,1B4,1.2977502346038818
6r4d_ADP,2xuu,A,ADP,1.6027023792266846
5kml_6UH,5kmn,A,6UK,1.466646671295166
5orr_ADP,2xuu,A,ADP,1.6027023792266846
4ceg_ADP,2xuu,A,ADP,1.6027023792266846
5oro_ADP,2xuu,A,ADP,1.6027023792266846
6r4b_ADP,2xuu,A,ADP,1.6027023792266846
5orp_ADP,2xuu,A,ADP,1.6027023792266846
5orn_ADP,2xuu,A,ADP,1.6027023792266846
5os6_ADP,2xuu,A,ADP,1.6027023792266846
6r49_ADP,2xuu,A,ADP,1.6027023792266846
6n0p_K81,5vam,A,92J,1.1626286506652832
4bn1_ADP,2xuu,A,ADP,1.6027023792266846
5ort_ADP,2xuu,A,ADP,1.6027023792266846
5ct7_55J,2qu5,A,276,1.2175328731536865
7b31_SQ8,5dey,A,59T,1.5357120037078857
5ory_ADP,2xuu,A,ADP,1.6027023792266846
3umw_596,3umx,A,Q18,1.2400983572006226
5n5m_8O8,3ptg,A,932,1.1117240190505981
7b35_SQB,5dey,A,59T,1.6022224426269531
5n4y_8N5,2qhn,A,582,1.4062432050704956
4din_ATP,4h3p,A,ANP,1.5123066902160645
5p9j_8E8,5yu9,A,1E8,1.7795946598052979
6nzm_L9S,3w2s,A,W2R,0.8537676334381104
6wtn_RXT,6vnk,A,RXT,1.8463728427886963
5jrs_6MV,5t18,A,73T,1.3879796266555786
3umx_Q18,5vuc,B,8GR,1.3197457790374756
6w06_S5M,6w07,A,S9A,1.185981273651123
5kmm_6UJ,2baj,A,1PP,1.4182761907577515
6b8u_8EN,5mz3,A,8EN,1.5101020336151123
3ckx_STU,1e8z,A,STU,1.8789665699005127
5kmn_6UK,5kmo,A,6UM,1.3947104215621948
5wr7_RCH,2xir,A,00J,0.8115102052688599
3pvb_ANP,4h3p,A,ANP,1.5377531051635742
5obr_SKE,3hmi,A,DKI,1.320332646369934
6di1_GJD,5oo1,A,9Z2,1.3171029090881348
6hrp_GMQ,6hrt,A,GMW,1.1714587211608887
4rfz_3OV,4otr,A,2V3,1.368046522140503
7n5o_0BQ,5and,A,5JE,1.5050300359725952
6j6m_BA0,6di5,A,GJ7,1.1759647130966187
5p9k_7G8,3unj,A,0BX,1.0396946668624878
6di0_GJG,2vtj,A,LZ4,1.2983222007751465
5u9d_83P,2p2h,A,994,0.8786851167678833
4dfx_ANP,4h3p,A,ANP,1.5377531051635742
6hrt_GMW,6hrp,A,GMQ,1.3208366632461548
4rx5_3YO,6bkh,A,DVD,1.5302932262420654
7ree_4LY,6vnj,A,R5S,1.4147957563400269
7kxq_X9Y,7kxn,A,X9P,1.4934813976287842
5kup_6XL,6xe4,A,V1G,1.605639934539795
6nfh_KLM,1oir,A,HDY,1.2397942543029785
6omu_MZJ,6n9p,A,KHD,1.3242828845977783
4qmt_H1N,6qat,A,FE7,1.327064037322998
3a7j_ADP,2xuu,A,ADP,1.6027023792266846
5t18_73T,5jrs,A,6MV,1.3920445442199707
4otq_2V2,6xe4,A,V1G,1.3905096054077148
4ot5_481,4ot6,A,2V1,1.3514227867126465
4qmu_SKE,5usz,A,SKE,1.681218147277832
7n5r_0UW,2v0d,A,C53,1.2314850091934204
4iai_ADP,2xuu,A,ADP,1.6027023792266846
4hpu_ANP,4h3p,A,ANP,1.5377531051635742
6vpm_AMP,3dlz,A,AMP,1.7895448207855225
5tq8_7GS,4pp9,B,2VT,0.9416792392730713
5vfi_9AJ,4rg0,A,3P0,1.3347022533416748
5j87_N42,6bik,A,DTJ,0.9625239968299866
3a99_ANP,4h3p,A,ANP,1.5377531051635742
4qmw_KS1,3ene,A,NPZ,1.55354642868042
7n5x_0GW,7n5o,A,0BQ,1.4793108701705933
4z3v_4L6,4zlz,A,4RV,1.6041826009750366
4iak_ADP,2xuu,A,ADP,1.6027023792266846
4u8z_3FE,6yat,A,OJ5,1.6842529773712158
4ib1_ADP,2xuu,A,ADP,1.6027023792266846
4zly_4RU,4zlz,A,4RV,1.4788665771484375
5l8j_ADP,5l8k,A,ADP,1.4687831401824951
7b7r_ANP,2src,A,ANP,1.4750754833221436
3r04_UNQ,4azf,A,3RA,1.2246007919311523
7b9l_ANP,2src,A,ANP,1.4750754833221436
4rfy_3OU,5t18,A,73T,1.0209578275680542
3x2w_ATP,4h3p,A,ANP,1.5123066902160645
6no9_KUV,6no8,A,KUY,1.6949115991592407
5p9f_2VL,4otf,A,2VL,1.1810457706451416
6c2t_EGJ,6c2r,A,EG7,1.2811954021453857
6vrv_WFY,6vru,A,ROY,1.3647682666778564
6wto_3JW,6vn8,A,3JW,1.5279769897460938
6uya_QL7,6o8u,D,LS7,1.4317920207977295
6l17_E2X,6l14,A,E2L,1.5275431871414185
7b32_SQQ,5dey,A,59T,1.4318580627441406
6x8e_UWP,6x8f,A,UWP,1.5556349754333496
4w8d_3JA,6yat,A,OJ5,1.669718861579895
4qmq_34U,6ble,A,34U,1.7885462045669556
6o95_LSV,6o8u,D,LS7,1.6839776039123535
3x2v_ATP,4h3p,A,ANP,1.5123066902160645
4w8e_3JB,4u8z,A,3FE,1.404192566871643
5l8k_ADP,5l8j,A,ADP,1.482685923576355
6bbv_D7D,5khx,A,6TE,1.3571223020553589
4dh7_ANP,4h3p,A,ANP,1.5377531051635742
1xws_BI1,1uu8,A,BI1,1.7508249282836914
3eqc_3BM,2b54,A,D05,1.0437355041503906
2bik_BI1,1uu8,A,BI1,1.7508249282836914
4d0x_953,4d0w,A,VVQ,1.8504246473312378
4xw4_ANP,4h3p,A,ANP,1.5377531051635742
7kxp_X9V,7kxn,A,X9P,1.6295998096466064
5uit_8CD,5uiu,A,8CG,1.3578693866729736
6pdi_OCJ,4ijp,A,1EH,1.3850538730621338
4qmm_35R,5ut0,A,35R,1.839109182357788
4qna_X11,7a4w,A,QYH,1.5369899272918701
3vbq_0F5,4ful,A,0VU,1.2745685577392578
4jia_1K3,4aqc,A,88A,1.439513921737671
7n5y_0CI,7n5x,A,0GW,1.5274956226348877
4iaz_ADP,2xuu,A,ADP,1.6027023792266846
4dtk_7LI,3fmj,A,FMJ,1.0661611557006836
6ykd_OWB,3p2b,A,P2B,1.1909538507461548
6vpl_ANP,4h3p,A,ANP,1.5377531051635742
6l12_E2R,6kzi,A,RTX,1.540393590927124
4ib0_ADP,2xuu,A,ADP,1.6027023792266846
4qmx_H8H,5vd3,A,H8H,1.3505421876907349
4qml_ANP,4h3p,A,ANP,1.5377531051635742
4qmz_B49,3miy,B,B49,1.340536117553711
4qmy_STU,1e8z,A,STU,1.8789665699005127
4qms_1N1,2x6e,A,YM4,1.0637199878692627
5v82_96Y,5dia,A,5E6,1.4007463455200195
4bzn_UGX,4bzo,A,676,1.3587737083435059
3f2a_985,2xj2,A,985,1.5913565158843994
3fdn_MMH,3hmi,A,DKI,0.9494476318359375
7b33_SQE,5dey,A,59T,1.656703233718872
3eqi_ADP,6f3f,A,ADP,1.6761409044265747
6vgl_RXT,6vnk,A,RXT,1.8463728427886963
6vn8_3JW,6wto,A,3JW,1.4527463912963867
4iad_ADP,2xuu,A,ADP,1.6027023792266846
3ow3_SMY,3ow4,A,SMY,1.5738661289215088
4qmo_34L,6guc,A,SU9,1.4922282695770264
4aqc_88A,4jia,A,1K3,1.4472664594650269
6vnj_R5S,6vnc,A,R6V,1.5898079872131348
6x3o_ULY,5fbn,D,5WF,1.6257562637329102
4xw6_ADP,2xuu,A,ADP,1.6027023792266846
2j2i_LY4,1uu3,A,LY4,1.85392165184021
4xhk_3YR,4x7q,A,3YR,1.6078544855117798
4alw_HY7,3jy0,A,LYG,1.532116174697876
7kxo_X9S,7kxp,A,X9V,1.4816761016845703
5kgg_6SO,5n4r,A,8MQ,1.375003457069397
6l14_E2L,6l13,A,E2F,1.6889721155166626
4otr_2V3,5p9g,A,7G6,1.1875436305999756
3r02_UNM,3r01,A,UNE,1.3319010734558105
4k0y_1OA,5kx8,A,6YE,1.3898558616638184
5dnr_ATP,4h3p,A,ANP,1.5123066902160645
5aep_QUP,6vsn,A,RG4,1.27449631690979
5p9h_7G7,4rg0,A,3P0,1.4693377017974854
4xw5_ATP,4h3p,A,ANP,1.5123066902160645
4o21_ADP,2xuu,A,ADP,1.6027023792266846
6mm5_ANP,4h3p,A,ANP,1.5377531051635742
3a7h_ATP,4h3p,A,ANP,1.5123066902160645
6c2r_EG7,6c2t,A,EGJ,1.4944430589675903
5kgd_6SL,2w1d,A,L0D,1.6023399829864502
3c4e_C4E,3c4f,A,C4F,1.5137556791305542
5l3a_6DP,2xiz,A,XIZ,1.2871233224868774
6o94_LRS,6o9d,C,LTY,1.3817477226257324
6tpd_QZ8,6tpe,A,NTW,1.6579070091247559
6thx_N9Z,7cil,A,FZR,1.4233503341674805
5dwr_5H7,4n70,A,2HX,1.5778429508209229
3bgq_VX2,3e7v,A,DZO,1.5905481576919556
2o63_MYC,2o65,A,MYF,1.7349364757537842
2j4z_626,2owb,A,626,1.479072093963623
4qmp_DKI,2wu6,A,DKI,1.587587833404541
3eqh_5BM,4u42,A,3C8,0.9241468906402588
2b7a_IZA,3nz0,A,IZA,2.0
6vnk_RXT,6wtn,A,RXT,1.8168675899505615
6vs3_R6V,6vnb,A,R6P,1.6586719751358032
4iay_ADP,2xuu,A,ADP,1.6027023792266846
4dh1_ATP,4h3p,A,ANP,1.5123066902160645
1yxx_LI7,2x2m,A,X2M,1.3366138935089111
4ll5_SK8,1bl6,A,SB6,1.7120046615600586
1yxv_LI6,5ndt,A,8UB,1.3919847011566162
1yxt_ANP,4h3p,A,ANP,1.5377531051635742
4gw8_3RA,3raw,A,3RA,1.5827412605285645
3vvh_ATP,1ad5,A,ANP,1.5255296230316162
4zlz_4RV,4z3v,A,4L6,1.5573170185089111
2nru_T12,4rmz,A,T20,1.2383580207824707
7b94_ANP,2src,A,ANP,1.4750754833221436
4dg0_ANP,4h3p,A,ANP,1.5377531051635742
6ep9_BNB,6di3,A,GJA,0.9636944532394409
5uiu_8CG,5uit,A,8CD,1.5867902040481567
3vbx_0FO,7a4r,A,QY8,1.4618110656738281
4xh6_HUL,3amy,A,AGI,1.7494970560073853
4yth_467,6wpp,A,PZ4,1.3444609642028809
4k18_1OB,4k0y,A,1OA,1.3551982641220093
6l11_E2C,4med,A,RTX,1.8049490451812744
4ot6_2V1,5da3,A,58V,0.9521684050559998
5dn3_ATP,4h3p,A,ANP,1.5123066902160645
5tq6_7GV,4btm,A,F8E,1.2527637481689453
5g15_ACP,4h3p,A,ANP,1.656738519668579
6vnf_R6S,6vnh,B,XZS,1.369640588760376
6vru_ROY,6vrv,A,WFY,1.4347009658813477
3vbv_0FK,5r8u,A,SLS,1.3846278190612793
4qmn_DB8,4bc6,A,XZN,1.5021233558654785
4bzo_676,4bzn,A,UGX,1.3489189147949219
4rc2_3O8,4rc4,A,3OK,1.4284908771514893
1xr1_ANP,4h3p,A,ANP,1.5377531051635742
3r00_UNJ,3r01,A,UNE,1.7737946510314941
5ipj_6CD,6mt0,A,JYG,1.485264778137207
5kzi_6YN,6no8,A,KUY,1.2279577255249023
5iis_6CB,5dwr,A,5H7,1.4294782876968384
6l16_E2U,6l13,A,E2F,1.46144700050354
7b30_59T,5dey,A,59T,1.6774111986160278
4an3_ATP,1ad5,A,ANP,1.5255296230316162
3eqd_AGS,2src,A,ANP,1.4104604721069336
6vni_R61,6vng,A,R6M,1.4308850765228271
1bx6_BA1,3krw,A,BA1,0.9120573401451111
3jya_LWG,4asx,B,6OJ,1.7313716411590576
4n70_2HX,5dwr,A,5H7,1.56351900100708
5kgi_6SF,5ra1,A,PO6,1.4159351587295532
5drd_ATP,4h3p,A,ANP,1.5123066902160645
5n4r_8MQ,5kgg,A,6SO,1.3929978609085083
2xj1_XJ1,3vbq,A,0F5,1.5292330980300903
4y73_XPY,4mbl,A,26L,1.379012107849121
6f3i_CKN,6rfi,B,K1H,1.49131178855896
5tex_7AU,5toe,A,7GK,1.2370374202728271
4iac_ACP,4h3p,A,ANP,1.656738519668579
5dt0_SKE,4qmu,A,SKE,1.8808801174163818
2nry_STU,1e8z,A,STU,1.8789665699005127
6vnb_R6P,6vnm,A,R5Y,1.5359973907470703
4mta_2D2,7a55,A,QZ2,1.6482276916503906
4wrs_3U1,5c01,A,UNL,1.5662384033203125
5eol_5QO,6mt0,A,JYG,1.6015868186950684
6mt0_JYG,5ipj,A,6CD,1.418365240097046
4qo9_627,2j4z,A,626,1.6120496988296509
3zlx_5EZ,3zm4,A,22T,1.7421672344207764
4anb_YQY,6t6f,A,MMW,1.032413125038147
6vnm_R5Y,6vnj,A,R5S,1.6728882789611816
4iaf_ADP,2xuu,A,ADP,1.6027023792266846
4dh3_ATP,4h3p,A,ANP,1.5123066902160645
4ib3_ADP,2xuu,A,ADP,1.6027023792266846
4dh5_ADP,2xuu,A,ADP,1.6027023792266846
5kcx_6S3,5tur,A,7LK,1.451603889465332
2xj2_985,3f2a,A,985,1.8098053932189941
3uix_Q17,4lm5,A,Q17,1.6171834468841553
2c6d_ANP,4h3p,A,ANP,1.5377531051635742
4rmz_T20,4fob,A,0US,1.5293720960617065
5vua_8GX,5vuc,B,8GR,1.360917091369629
2erz_HFS,2esm,A,M77,1.5806787014007568
1fmo_ADN,4o0s,A,ADN,1.9374432563781738
1atp_ATP,4h3p,A,ANP,1.5123066902160645
5tel_7AJ,3lvp,A,PDR,1.3705627918243408
5k72_6QY,5k76,B,6R1,1.677316427230835
5kge_6SN,5kgk,A,6SD,1.7866909503936768
3vbt_0F9,7jys,A,VTD,1.5544723272323608
3vc4_0FS,4asx,B,6OJ,1.2474701404571533
5k7g_6R0,5k7i,A,6QZ,1.7298654317855835
6n9p_KHD,6omu,A,MZJ,1.2572671175003052
1yxu_AMP,3dlz,A,AMP,1.7895448207855225
6l13_E2F,6l12,A,E2R,1.6462483406066895
2o3p_QUE,3lm5,A,QUE,1.8561863899230957
2np8_CC3,4li5,A,1WY,1.3594188690185547
4e4m_0NH,4f08,B,1RS,1.4617172479629517
3vby_0FR,1w84,A,L12,1.4461753368377686
5dpv_SKE,4qmu,A,SKE,1.8808801174163818
4wt6_3U6,4ty1,A,38W,1.4735525846481323
4wsy_3U5,7ncf,A,U82,1.3316154479980469
4mbi_26K,6z5d,A,Q8Q,1.3450379371643066
5toe_7GK,5tur,A,7LK,1.6809734106063843
6cpf_ACP,4h3p,A,ANP,1.656738519668579
3e5a_VX6,6gr9,A,VX6,1.8107496500015259
3up2_0C8,3uo4,A,0C0,1.621513843536377
4jbq_VX6,6brj,A,VX6,1.73361074924469
4dee_ADP,2xuu,A,ADP,1.6027023792266846
7b3m_ANP,2src,A,ANP,1.4750754833221436
6vnc_R6V,6vnb,A,R6P,1.6586719751358032
5tq4_7GY,6ayd,A,C2J,1.3736295700073242
4dh8_ANP,4h3p,A,ANP,1.5377531051635742
3dv3_ATP,1ad5,A,ANP,1.5255296230316162
4hge_15V,4yo6,A,4GD,1.9032114744186401
4gfm_0X2,4gfo,A,0X2,1.7522492408752441
5k7i_6QZ,5k7g,A,6R0,1.7119165658950806
6rfi_K1H,6f3i,B,CKN,1.40149986743927
6vne_2TA,4ji9,A,1M3,1.2407491207122803
4yo6_4GD,4hge,A,15V,1.939711093902588
6ti8_NBW,6thw,A,NBK,1.520559549331665
5dt3_ATP,4h3p,A,ANP,1.5123066902160645
5t1t_76P,3r02,A,UNM,1.27152681350708
3jpv_1DR,3owk,A,18E,1.5349591970443726
3k5u_PFQ,4zth,A,VVT,1.1673882007598877
3ha6_2JZ,2vwv,A,7X3,1.3936076164245605
4utd_ACP,4h3p,A,ANP,1.656738519668579
3zm4_22T,3zlx,A,5EZ,1.3677550554275513
6f3g_CJN,5k75,B,6QX,1.6688909530639648
6no8_KUY,6no9,A,KUV,1.6328623294830322
5cf4_50Y,5cf5,A,50W,1.5463886260986328
6f3d_CJT,5k72,A,6QY,1.6356744766235352
6thz_NB5,6thw,A,NBK,1.5958526134490967
4jx7_1N6,5tt7,A,7KF,1.4764323234558105
3bgz_VX3,6ft9,A,E6W,1.2754404544830322
3myg_EML,3nrm,A,NRM,1.1717462539672852
4qmv_34W,5vd2,A,34W,1.606799602508545
1s9j_ATP,1ad5,A,ANP,1.5255296230316162
3fup_MI1,3lxk,A,MI1,1.696833610534668
4ji9_1M3,6vng,A,R6M,1.3972629308700562
3tjc_0TP,3tjd,A,6TP,1.3902130126953125
4p7e_2HB,5ut5,A,2HB,1.794389247894287
4f09_JAK,4ehz,A,JAK,1.8804209232330322
6vnl_5W2,5w86,C,9YV,1.2036633491516113
2oic_STU,1e8z,A,STU,1.8789665699005127
3jy0_LYG,3jxw,A,LXG,1.4849443435668945
4x6r_ATP,4h3p,A,ANP,1.5123066902160645
3x2u_ATP,4h3p,A,ANP,1.5123066902160645
2o64_MYU,3v3v,A,MYU,1.786784052848816
6thw_NBK,6thz,B,NB5,1.6206125020980835
4dea_NHI,3uo5,A,0BX,1.5261865854263306
3uo4_0C0,3uod,A,0C3,1.6392312049865723
5dr2_ATP,4h3p,A,ANP,1.5123066902160645
5dr9_SKE,4qmu,A,SKE,1.8808801174163818
7m0x_ANP,2src,A,ANP,1.4750754833221436
6v2v_ANP,2src,A,ANP,1.4750754833221436
4jbo_WPH,4jbp,A,YPH,1.3497989177703857
2obj_VRV,3dcv,A,55E,1.2503843307495117
1ol5_ADP,2xuu,A,ADP,1.6027023792266846
4o0s_ADN,5csh,A,ATP,1.9280589818954468
2dwb_ANP,4h3p,A,ANP,1.5377531051635742
3uod_0C3,3uo5,A,0BX,1.7179709672927856
3h0y_48B,3piy,A,585,1.138442039489746
3zls_92P,3r8m,A,Z19,1.4681047201156616
3e8n_ATP,1ad5,A,ANP,1.5255296230316162
3eqg_ADP,6f3f,A,ADP,1.6761409044265747
3q32_J2I,4zy4,A,4T3,1.2500393390655518
6vsn_RG4,6vnk,A,RXT,1.791382074356079
6vng_R6M,6vni,A,R61,1.4342939853668213
4rg0_3P0,5p9g,A,7G6,1.135488748550415
4b0g_VEK,7ayh,A,S9H,0.9715919494628906
4an2_EUI,3dkg,A,SX8,0.9616588950157166
6wtp_U8P,6wtq,A,U8J,1.294499158859253
5dr6_SKE,4qmu,A,SKE,1.8808801174163818
6bsk_MVG,3at4,A,CCK,1.6924433708190918
4alv_R9P,4alu,A,79O,1.439134120941162
6pp9_ANP,2src,A,ANP,1.4750754833221436
4mbl_26L,3bgq,A,VX2,1.465301513671875
4n6y_2HV,5f95,A,3UP,1.5261125564575195
3r01_UNE,3r00,A,UNJ,1.7059797048568726
3t9i_3T9,5oy4,A,B4K,1.571742296218872
6l15_E2O,6l14,A,E2L,1.676290512084961
2bmc_MPY,2j50,A,627,1.0890352725982666
4byi_FH3,5aad,A,5GX,1.3940880298614502
4ark_ADP,6f3f,A,ADP,1.6761409044265747
2w1i_L0I,4qmm,A,35R,1.9048566818237305
2xng_A0H,2xne,A,ASH,1.3248275518417358
5one_9YQ,6bp0,D,E1D,1.0702953338623047
3mbl_ADP,6f3f,A,ADP,1.6761409044265747
6rfj_K1E,6rfi,B,K1H,1.2537257671356201
3eqb_ATP,1ad5,A,ANP,1.5255296230316162
4yp8_4GF,4hge,A,15V,1.4083822965621948
6vpg_ANP,4h3p,A,ANP,1.5377531051635742
4rc4_3OK,4rc2,A,3O8,1.374964714050293
5kgk_6SD,7a4z,A,6SD,1.971737027168274
6f3e_CJQ,2ym5,A,YM5,1.1081336736679077
5kx8_6YE,4k0y,A,1OA,1.4622853994369507
4c3p_ACP,4h3p,A,ANP,1.656738519668579
3dcv_55E,3q3b,A,55E,1.9320306777954102
4ty1_38W,4wt6,A,3U6,1.3914403915405273
3uo5_0BX,3uod,A,0C3,1.6527209281921387
4jaj_XU1,4fsw,A,HK6,1.4823107719421387
3eqf_KSA,1r0p,A,KSA,1.8860572576522827
3dy7_ATP,1ad5,A,ANP,1.5255296230316162
3v04_V04,6cjh,A,ET8,1.0342155694961548
4u81_3EY,1w0x,C,OLO,0.9751852750778198
3pp1_ATP,1ad5,A,ANP,1.5255296230316162
2w1g_L0G,4qmm,A,35R,1.9048566818237305
3v01_3V0,2c6k,A,DT2,1.0669491291046143
5k76_6R1,5k72,A,6QY,1.7018842697143555
3m11_AKI,4jbo,A,WPH,1.4018208980560303
5aaf_NL4,5aad,A,5GX,1.598210096359253
4c3r_ACP,4wtv,A,ATP,1.3533540964126587
3bgp_VX1,5bui,A,4V9,1.458305835723877
3jxw_LXG,3jy0,A,LYG,1.4398503303527832
4med_RTX,6kzi,A,RTX,1.8410077095031738
6kzi_RTX,4med,A,RTX,1.716385006904602
4ztq_4RM,5obr,A,SKE,1.0658930540084839
3w16_P9J,3p9j,A,P9J,1.8748496770858765
3p9j_P9J,3w16,A,P9J,1.8749244213104248
3uo6_0BY,3unz,A,0BZ,1.8162841796875
4dhf_0K6,3kb7,A,071,1.212714672088623
3os3_ATP,1ad5,A,ANP,1.5255296230316162
4lmn_ANP,2src,A,ANP,1.4750754833221436
4an9_ACP,1ad5,A,ANP,1.5791583061218262
3orn_ANP,2src,A,ANP,1.4750754833221436
2p55_MRA,3r1y,A,X76,1.0721032619476318
4u80_ANP,2src,A,ANP,1.4750754833221436
5kx7_6YD,4ual,A,3FV,1.3535957336425781
4u7z_3EW,6guk,A,FC8,1.0888444185256958
2o65_MYF,2o63,A,MYC,1.780372142791748
4iaa_RTZ,6l13,A,E2F,1.2310247421264648
5aag_6F2,5aaf,A,NL4,1.4462990760803223
5zan_9A6,3pix,A,027,1.2263742685317993
2w1f_L0F,3vf8,A,0JE,1.5255248546600342
4mne_ACP,1ad5,A,ANP,1.5791583061218262
5dt4_ATP,4h3p,A,ANP,1.5123066902160645
6u2g_ACP,1ad5,A,ANP,1.5791583061218262
5fd2_5XJ,4ehe,A,RI8,1.0060368776321411
4zts_4RK,2wtv,C,ZZL,0.9961516261100769
3uoj_0C5,3unz,A,0BZ,1.6458778381347656
3r22_D37,6yky,A,OWQ,1.2549002170562744
2xru_400,2owb,A,626,1.19552743434906
5obj_ATP,4h3p,A,ANP,1.5123066902160645
3tjd_6TP,3tjc,A,0TP,1.3875962495803833
3h0z_45B,6vnl,A,5W2,1.0081300735473633
5bx0_4W5,7b44,A,SVT,1.6367337703704834
5tur_7LK,5toe,A,7GK,1.6794244050979614
3uok_0C6,3unz,A,0BZ,1.6900614500045776
2w1d_L0D,5kgd,A,6SL,1.6553175449371338
5dos_ATP,4h3p,A,ANP,1.5123066902160645
4zs0_4QV,2c3l,A,IDZ,1.5842088460922241
2j50_627,2bmc,A,MPY,1.4710042476654053
6ayd_C2J,3lau,A,OFI,1.7103595733642578
5hie_P06,6v2u,A,P06,1.1586048603057861
5c1q_4YK,7a53,A,QYZ,1.4210083484649658
4rpv_3UR,4wrs,A,3U1,1.5836732387542725
3nrm_NRM,7khj,A,WEG,1.2359720468521118
4ded_NHU,3up7,A,0C9,1.3988969326019287
3up7_0C9,3uod,A,0C3,1.5917589664459229
7m0w_ANP,2src,A,ANP,1.4750754833221436
6v30_ANP,2src,A,ANP,1.4750754833221436
5aad_5GX,5aaf,A,NL4,1.6830830574035645
2xj0_XJ0,6vzk,A,HC4,1.6978425979614258
5aae_7HD,5aad,A,5GX,1.6747264862060547
7m0z_ANP,2src,A,ANP,1.4750754833221436
6v2w_ANP,2src,A,ANP,1.4750754833221436
7m0v_ANP,2src,A,ANP,1.4750754833221436
6v2z_ANP,2src,A,ANP,1.4750754833221436
4o27_ADP,2xuu,A,ADP,1.6027023792266846
3skc_BR2,3tv6,A,B0R,1.3944740295410156
4ehe_RI8,5fd2,A,5XJ,1.1654417514801025
3tv6_B0R,3skc,B,BR2,1.3740324974060059
2x6e_YM4,2x6d,A,X6D,1.2881419658660889
4pp7_2VX,5ita,A,6DC,1.2059569358825684
3tv4_TV4,3tv6,A,B0R,1.2163496017456055
7m0y_ANP,2src,A,ANP,1.4750754833221436
6v2y_ANP,2src,A,ANP,1.4750754833221436
4ehg_RI9,4mbj,A,DFS,0.9913772344589233
4ntt_ADP,2xuu,A,ADP,1.6027023792266846
4mbj_DFS,5fd2,A,5XJ,1.2916345596313477
4e4x_T1Q,4ehg,A,RI9,1.1785600185394287
6e21_ADP,2xuu,A,ADP,1.6027023792266846
6q0j_LCJ,1w0x,C,OLO,1.026850938796997
6q0t_LCJ,1w0x,C,OLO,1.026850938796997
6pl2_OOM,6pl3,A,OOD,1.0862001180648804
3w10_RO9,5opv,A,A3H,1.273114562034607
3unz_0BZ,3uoj,A,0C5,1.6780455112457275
6d1y_FQJ,5kmk,A,6UG,1.3767298460006714
6nss_L0M,6nsp,A,L0P,1.3337693214416504
6pl1_OOJ,2hzn,A,KIN,1.0912538766860962
6pl4_OO7,6nsp,A,L0P,1.136525273323059
5vam_92J,6q7g,A,HO8,1.1696175336837769
6pmc_OQJ,5hi2,A,BAX,1.1007626056671143
6npt_KWY,6d1y,A,FQJ,1.288942575454712
5kmk_6UG,6d1y,A,FQJ,1.429353952407837
6nsp_L0P,6nss,A,L0M,1.3970437049865723
6pma_OQS,2hzn,A,KIN,1.1698254346847534
3idp_L1E,2osc,A,MUH,1.236715316772461
3ii5_831,5vam,A,92J,1.0391569137573242
6pmb_OQM,2hzn,A,KIN,1.2776124477386475
1uwh_BAX,5hi2,A,BAX,1.8103647232055664
6pl3_OOD,4kao,B,KAO,1.2507905960083008
4g9r_B1E,6n0q,A,K7S,1.1025786399841309
4g9c_0WP,3dtw,A,A96,1.1024144887924194
1uwj_BAX,5hi2,A,BAX,1.8103647232055664
